,balanced_accuracy,roc_auc,f1,classification_report
0,0.7681159420289855,0.8719281663516069,0.7664317195726364,"              precision    recall  f1-score   support

           0       0.65      0.70      0.67        46
           1       0.67      0.61      0.64        46
           2       0.98      1.00      0.99        46

    accuracy                           0.77       138
   macro avg       0.77      0.77      0.77       138
weighted avg       0.77      0.77      0.77       138
"
