,balanced_accuracy,roc_auc,f1,classification_report
0,0.789855072,0.881931317,0.787754822,"              precision    recall  f1-score   support

           0       0.70      0.67      0.69        46
           1       0.70      0.70      0.70        46
           2       0.96      1.00      0.98        46

    accuracy                           0.79       138
   macro avg       0.79      0.79      0.79       138
weighted avg       0.79      0.79      0.79       138
"